{
  "<=50K": {
    "precision": 0.8808705612829324,
    "recall": 0.9313685910375454,
    "f1-score": 0.9054160125588697,
    "support": 7431.0
  },
  ">50K": {
    "precision": 0.7332635983263598,
    "recall": 0.5996578272027374,
    "f1-score": 0.6597647058823529,
    "support": 2338.0
  },
  "accuracy": 0.8519807554509161,
  "macro avg": {
    "precision": 0.8070670798046461,
    "recall": 0.7655132091201414,
    "f1-score": 0.7825903592206114,
    "support": 9769.0
  },
  "weighted avg": {
    "precision": 0.8455440100092639,
    "recall": 0.8519807554509161,
    "f1-score": 0.8466246567384483,
    "support": 9769.0
  }
}