{
  "test_f1_macro": 0.7825903592206114,
  "test_accuracy": 0.8519807554509161
}